<annotation>
	<folder>pajero</folder>
	<filename>image315.jpg</filename>
	<path>C:\Users\Mahuran\Desktop\Mini Pajeero\pajero\image315.jpg</path>
	<source>
		<database>Unknown</database>
	</source>
	<size>
		<width>300</width>
		<height>300</height>
		<depth>3</depth>
	</size>
	<segmented>0</segmented>
	<object>
		<name>bajero</name>
		<pose>Unspecified</pose>
		<truncated>0</truncated>
		<difficult>0</difficult>
		<bndbox>
			<xmin>56</xmin>
			<ymin>9</ymin>
			<xmax>277</xmax>
			<ymax>277</ymax>
		</bndbox>
	</object>
</annotation>
