<annotation>
	<folder>pajero</folder>
	<filename>image177.jpg</filename>
	<path>C:\Users\Mahuran\Desktop\Mini Pajeero\pajero\image177.jpg</path>
	<source>
		<database>Unknown</database>
	</source>
	<size>
		<width>300</width>
		<height>300</height>
		<depth>3</depth>
	</size>
	<segmented>0</segmented>
	<object>
		<name>bajero</name>
		<pose>Unspecified</pose>
		<truncated>0</truncated>
		<difficult>0</difficult>
		<bndbox>
			<xmin>21</xmin>
			<ymin>20</ymin>
			<xmax>279</xmax>
			<ymax>262</ymax>
		</bndbox>
	</object>
</annotation>
