<annotation>
	<folder>pajero</folder>
	<filename>image181.jpg</filename>
	<path>C:\Users\Mahuran\Desktop\Mini Pajeero\pajero\image181.jpg</path>
	<source>
		<database>Unknown</database>
	</source>
	<size>
		<width>300</width>
		<height>300</height>
		<depth>3</depth>
	</size>
	<segmented>0</segmented>
	<object>
		<name>bajero</name>
		<pose>Unspecified</pose>
		<truncated>1</truncated>
		<difficult>0</difficult>
		<bndbox>
			<xmin>1</xmin>
			<ymin>20</ymin>
			<xmax>288</xmax>
			<ymax>288</ymax>
		</bndbox>
	</object>
</annotation>
