<annotation>
	<folder>pajero</folder>
	<filename>image63.jpg</filename>
	<path>C:\Users\Mahuran\Desktop\Mini Pajeero\pajero\image63.jpg</path>
	<source>
		<database>Unknown</database>
	</source>
	<size>
		<width>300</width>
		<height>300</height>
		<depth>3</depth>
	</size>
	<segmented>0</segmented>
	<object>
		<name>bajero</name>
		<pose>Unspecified</pose>
		<truncated>0</truncated>
		<difficult>0</difficult>
		<bndbox>
			<xmin>19</xmin>
			<ymin>20</ymin>
			<xmax>268</xmax>
			<ymax>292</ymax>
		</bndbox>
	</object>
</annotation>
