<annotation>
	<folder>new_folder</folder>
	<filename>sawir214.jpg</filename>
	<path>C:\Users\Mahuran\Desktop\toyoto succeed\images\train\new_folder\sawir214.jpg</path>
	<source>
		<database>Unknown</database>
	</source>
	<size>
		<width>300</width>
		<height>300</height>
		<depth>3</depth>
	</size>
	<segmented>0</segmented>
	<object>
		<name>succeed</name>
		<pose>Unspecified</pose>
		<truncated>0</truncated>
		<difficult>0</difficult>
		<bndbox>
			<xmin>12</xmin>
			<ymin>42</ymin>
			<xmax>295</xmax>
			<ymax>276</ymax>
		</bndbox>
	</object>
</annotation>
